City_ID,City,Lat,Lng,Max Temp,Humidity,Cloudiness,Wind Speed,Country,Date
0,Hobart,-42.8794,147.3294,64.02,81,75,1.01,AU,2022-01-28 20:41:13
1,Atuona,-9.8,-139.0333,77.59,72,15,15.84,PF,2022-01-28 20:41:12
2,Saint-Philippe,-21.3585,55.7679,76.55,75,14,6.29,RE,2022-01-28 20:42:38
3,Katobu,-4.9408,122.5276,75.61,90,100,1.32,ID,2022-01-28 20:42:39
4,Mirnyy,62.5353,113.9611,-15.77,75,65,7.0,RU,2022-01-28 20:42:39
5,Kununurra,-15.7667,128.7333,78.78,94,75,5.75,AU,2022-01-28 20:42:40
6,East London,-33.0153,27.9116,70.36,78,58,10.98,ZA,2022-01-28 20:42:40
7,Ballina,-28.8667,153.5667,73.36,92,75,2.3,AU,2022-01-28 20:42:41
8,Norman Wells,65.282,-126.8329,-5.76,77,100,9.22,CA,2022-01-28 20:42:41
9,Iranshahr,27.2025,60.6848,59.34,41,0,9.22,IR,2022-01-28 20:42:42
10,Longyearbyen,78.2186,15.6401,12.04,62,20,14.97,SJ,2022-01-28 20:42:43
11,Lompoc,34.6391,-120.4579,72.79,44,0,0.0,US,2022-01-28 20:42:43
12,Puerto Ayora,-0.7393,-90.3518,82.36,75,70,9.48,EC,2022-01-28 20:40:41
13,Albany,42.6001,-73.9662,32.27,79,100,5.86,US,2022-01-28 20:41:30
14,Marsa Matruh,31.3525,27.2453,50.2,76,40,11.5,EG,2022-01-28 20:42:44
15,Cape Town,-33.9258,18.4232,68.41,72,0,8.01,ZA,2022-01-28 20:42:45
16,Kapaa,22.0752,-159.319,78.12,71,0,0.0,US,2022-01-28 20:42:46
17,San Luis,-33.295,-66.3356,83.66,30,18,6.91,AR,2022-01-28 20:42:46
18,Grand Gaube,-20.0064,57.6608,79.2,78,5,1.99,MU,2022-01-28 20:42:47
19,Torbay,47.6666,-52.7314,26.28,84,100,6.91,CA,2022-01-28 20:42:47
20,Puerto Leguizamo,-0.1934,-74.7819,94.66,31,59,3.36,CO,2022-01-28 20:42:48
21,Hilo,19.7297,-155.09,80.33,59,40,0.0,US,2022-01-28 20:42:48
22,Ambunti,-4.2365,142.8448,73.24,100,100,2.55,PG,2022-01-28 20:42:49
23,Saskylakh,71.9167,114.0833,0.93,89,100,6.04,RU,2022-01-28 20:42:50
24,Rocha,-34.4833,-54.3333,68.77,61,10,9.44,UY,2022-01-28 20:39:27
25,Esperance,-33.8667,121.9,60.64,84,0,12.17,AU,2022-01-28 20:42:50
26,Rikitea,-23.1203,-134.9692,77.95,71,100,16.04,PF,2022-01-28 20:42:51
27,Vestmannaeyjar,63.4427,-20.2734,33.49,68,100,19.44,IS,2022-01-28 20:42:52
28,Lethem,3.3803,-59.7968,91.08,37,94,9.42,GY,2022-01-28 20:42:52
29,Georgetown,5.4112,100.3354,81.9,90,20,1.99,MY,2022-01-28 20:38:40
30,Sobolevo,54.4299,31.8996,31.69,99,100,7.14,RU,2022-01-28 20:42:53
31,Hambantota,6.1241,81.1185,74.79,87,44,6.98,LK,2022-01-28 20:42:54
32,Victoria,22.2855,114.1577,66.18,89,84,3.0,HK,2022-01-28 20:40:35
33,Port Lincoln,-34.7333,135.8667,66.34,78,81,15.19,AU,2022-01-28 20:42:55
34,Tiksi,71.6872,128.8694,-3.69,98,100,7.27,RU,2022-01-28 20:42:55
35,Dikson,73.5069,80.5464,3.74,94,100,18.7,RU,2022-01-28 20:41:16
36,Mataura,-46.1927,168.8643,59.49,58,95,2.35,NZ,2022-01-28 20:41:08
37,Jamestown,42.097,-79.2353,22.32,59,100,5.01,US,2022-01-28 20:41:11
38,Mahebourg,-20.4081,57.7,79.09,89,75,4.61,MU,2022-01-28 20:41:24
39,Tuktoyaktuk,69.4541,-133.0374,-18.4,76,20,14.97,CA,2022-01-28 20:42:57
40,Hohhot,40.8106,111.6522,1.69,71,0,6.71,CN,2022-01-28 20:42:58
41,Port Alfred,-33.5906,26.891,67.77,76,17,9.71,ZA,2022-01-28 20:41:20
42,Kousseri,12.0769,15.0306,73.36,14,0,11.5,CM,2022-01-28 20:42:59
43,Bredasdorp,-34.5322,20.0403,63.72,72,54,6.91,ZA,2022-01-28 20:41:30
44,San Policarpo,12.1791,125.5072,78.42,85,99,5.08,PH,2022-01-28 20:42:59
45,Vaini,-21.2,-175.2,82.29,79,99,19.22,TO,2022-01-28 20:41:18
46,Mayor Pablo Lagerenza,-19.9309,-60.7718,86.13,49,80,8.93,PY,2022-01-28 20:44:00
47,Rincon,32.296,-81.2354,51.98,37,100,6.91,US,2022-01-28 20:44:01
48,Khani,41.9563,42.9566,20.77,83,26,6.8,GE,2022-01-28 20:44:01
49,Bayan,46.0833,127.4,-2.06,92,100,8.52,CN,2022-01-28 20:44:02
50,New Norfolk,-42.7826,147.0587,63.66,70,96,1.01,AU,2022-01-28 20:41:28
51,Bjornevatn,69.6672,29.9847,22.62,92,100,6.91,NO,2022-01-28 20:44:03
52,Sao Sepe,-30.1606,-53.5653,80.55,37,18,12.24,BR,2022-01-28 20:44:03
53,Bairiki,1.3292,172.9752,82.4,83,40,8.05,KI,2022-01-28 20:44:04
54,Boyolangu,-8.1181,111.8935,75.33,89,100,3.18,ID,2022-01-28 20:44:05
55,Qaanaaq,77.484,-69.3632,-12.89,62,1,8.43,GL,2022-01-28 20:41:26
56,Ponta Do Sol,32.6667,-17.1,63.23,60,63,7.45,PT,2022-01-28 20:44:05
57,Phalodi,27.1333,72.3667,60.31,18,0,4.88,IN,2022-01-28 20:44:06
58,Cidreira,-30.1811,-50.2056,72.93,61,76,12.39,BR,2022-01-28 20:44:07
59,Punta Arenas,-53.15,-70.9167,71.71,20,0,14.97,CL,2022-01-28 20:37:06
60,Iquique,-20.2208,-70.1431,71.64,72,26,3.51,CL,2022-01-28 20:44:02
61,Provideniya,64.3833,-173.3,-2.49,99,17,2.66,RU,2022-01-28 20:44:08
62,Dubai,25.2582,55.3047,70.05,73,20,5.75,AE,2022-01-28 20:39:47
63,Ranot,7.7777,100.3213,78.67,81,16,4.61,TH,2022-01-28 20:44:09
64,Arraial Do Cabo,-22.9661,-42.0278,80.56,89,75,6.91,BR,2022-01-28 20:44:09
65,Bowen,-20.0167,148.2333,73.62,82,35,13.85,AU,2022-01-28 20:44:10
66,Nikolayevka,53.1257,47.2041,7.0,100,99,2.77,RU,2022-01-28 20:44:10
67,Ko Samui,9.5357,99.9357,80.53,75,82,5.68,TH,2022-01-28 20:44:11
68,Inhambane,-23.865,35.3833,76.24,80,4,5.77,MZ,2022-01-28 20:44:11
69,Osakarovka,50.565,72.5692,3.42,84,75,6.69,KZ,2022-01-28 20:41:16
70,Opuwo,-18.0607,13.84,69.17,49,5,8.97,NA,2022-01-28 20:44:12
71,Tocopilla,-22.092,-70.1979,68.58,74,18,5.21,CL,2022-01-28 20:41:53
72,Pringsewu,-5.3582,104.9744,72.52,96,100,0.96,ID,2022-01-28 20:44:13
73,Pisco,-13.7,-76.2167,77.05,61,0,18.41,PE,2022-01-28 20:44:14
74,Zhigansk,66.7697,123.3711,-12.48,97,89,16.4,RU,2022-01-28 20:44:14
75,Ust-Ishim,57.6935,71.1665,-8.46,100,85,2.59,RU,2022-01-28 20:44:15
76,Diego De Almagro,-26.3667,-70.05,78.8,26,0,12.24,CL,2022-01-28 20:44:16
77,Mar Del Plata,-38.0023,-57.5575,75.22,73,20,18.99,AR,2022-01-28 20:39:30
78,Busselton,-33.65,115.3333,65.05,63,7,11.16,AU,2022-01-28 20:41:27
79,Buarcos,40.166,-8.8768,50.83,53,0,8.99,PT,2022-01-28 20:44:17
80,Yilan,24.757,121.753,62.56,96,100,2.71,TW,2022-01-28 20:44:17
81,Quelimane,-17.8786,36.8883,80.55,83,20,5.75,MZ,2022-01-28 20:44:18
82,Port Elizabeth,-33.918,25.5701,66.49,72,40,9.22,ZA,2022-01-28 20:44:18
83,Provost,52.3501,-110.2683,32.45,81,98,6.46,CA,2022-01-28 20:44:19
84,Laguna,38.421,-121.4238,67.23,51,0,1.99,US,2022-01-28 20:44:20
85,Avera,33.194,-82.5271,51.39,44,100,9.55,US,2022-01-28 20:44:20
86,Myre,69.1036,15.9492,19.35,61,45,10.92,NO,2022-01-28 20:44:21
87,Khatanga,71.9667,102.5,-1.35,87,100,4.9,RU,2022-01-28 20:44:21
88,Ushuaia,-54.8,-68.3,60.46,59,40,3.44,AR,2022-01-28 20:41:09
89,Port Hardy,50.6996,-127.4199,47.75,76,75,6.91,CA,2022-01-28 20:42:15
90,Santa Cruz De La Palma,28.6835,-17.7642,60.94,59,0,9.22,ES,2022-01-28 20:44:22
91,Butaritari,3.0707,172.7902,81.86,79,76,17.85,KI,2022-01-28 20:44:23
92,Sambava,-14.2667,50.1667,75.4,85,46,10.25,MG,2022-01-28 20:44:23
93,Fairbanks,64.8378,-147.7164,6.76,53,75,10.36,US,2022-01-28 20:42:30
94,Broken Hill,-31.95,141.4333,69.51,83,100,12.66,AU,2022-01-28 20:45:24
95,Geraldton,-28.7667,114.6,70.21,83,0,9.22,AU,2022-01-28 20:45:25
96,Vidim,56.4088,103.1106,-14.46,100,100,1.79,RU,2022-01-28 20:45:25
97,Avarua,-21.2078,-159.775,82.45,78,20,13.8,CK,2022-01-28 20:45:26
98,Hobyo,5.3505,48.5268,76.87,68,43,22.44,SO,2022-01-28 20:45:26
99,Morgan City,29.6994,-91.2068,57.2,40,0,13.8,US,2022-01-28 20:45:27
100,Vostok,46.4856,135.8833,-9.63,99,100,4.29,RU,2022-01-28 20:45:27
101,Cherskiy,68.75,161.3,-11.65,91,100,1.36,RU,2022-01-28 20:45:28
102,Mosquera,4.7059,-74.2302,64.49,59,40,16.11,CO,2022-01-28 20:43:50
103,Hithadhoo,-0.6,73.0833,80.47,62,37,5.3,MV,2022-01-28 20:41:17
104,Benguela,-12.5763,13.4055,78.3,80,100,5.35,AO,2022-01-28 20:45:29
105,Tessalit,20.1986,1.0114,67.3,15,3,10.92,ML,2022-01-28 20:45:30
106,Sao Joao Da Barra,-21.6403,-41.0511,86.09,87,46,17.4,BR,2022-01-28 20:45:30
107,Iqaluit,63.7506,-68.5145,-13.27,77,100,18.41,CA,2022-01-28 20:45:31
108,Cabo San Lucas,22.8909,-109.9124,80.51,51,6,5.99,MX,2022-01-28 20:45:18
109,Sao Filipe,14.8961,-24.4956,71.58,70,100,10.33,CV,2022-01-28 20:45:32
110,Zhicheng,30.2956,111.5047,33.73,95,100,2.59,CN,2022-01-28 20:45:32
111,Saldanha,-33.0117,17.9442,66.25,80,0,23.49,ZA,2022-01-28 20:45:33
112,Barreiras,-12.1528,-44.99,75.25,88,38,3.91,BR,2022-01-28 20:45:34
113,Riyadh,24.6877,46.7219,51.94,34,2,7.54,SA,2022-01-28 20:45:34
114,Klyuchi,52.2667,79.1667,-2.49,93,95,6.87,RU,2022-01-28 20:45:35
115,Fortuna,40.5982,-124.1573,64.92,51,0,3.0,US,2022-01-28 20:45:36
116,Bitung,1.4451,125.1824,76.05,87,69,7.72,ID,2022-01-28 20:45:36
117,Clyde River,70.4692,-68.5914,-9.17,77,100,40.29,CA,2022-01-28 20:45:37
118,Severo-Kurilsk,50.6789,156.125,23.72,84,100,29.97,RU,2022-01-28 20:45:38
119,Arrecife,28.963,-13.5477,64.47,63,75,10.36,ES,2022-01-28 20:45:38
120,Kavieng,-2.5744,150.7967,81.79,78,98,6.46,PG,2022-01-28 20:45:39
121,Cayenne,4.9333,-52.3333,78.1,82,100,2.3,GF,2022-01-28 20:45:39
122,Ostrovnoy,68.0531,39.5131,10.29,94,88,9.06,RU,2022-01-28 20:45:40
123,Mitsamiouli,-11.3847,43.2844,80.85,72,91,4.21,KM,2022-01-28 20:45:41
124,Nikolskoye,59.7035,30.7861,26.87,96,100,5.93,RU,2022-01-28 20:45:42
125,Nizhnevartovsk,60.9344,76.5531,1.42,92,75,4.47,RU,2022-01-28 20:45:42
126,La Ronge,55.1001,-105.2842,7.05,72,100,10.36,CA,2022-01-28 20:45:39
127,Berlevag,70.8578,29.0864,31.95,55,75,11.5,NO,2022-01-28 20:45:43
128,Adrar,20.5022,-10.0711,74.44,11,100,2.51,MR,2022-01-28 20:45:44
129,Vielsalm,50.2841,5.915,38.75,100,100,7.58,BE,2022-01-28 20:45:45
130,Wattegama,6.7989,81.4808,70.63,94,6,3.47,LK,2022-01-28 20:45:45
131,Lata,40.1629,-8.3327,49.08,61,0,4.61,PT,2022-01-28 20:45:46
132,Zhongxing,33.7039,118.6792,30.81,65,73,3.91,CN,2022-01-28 20:45:47
133,Samana,19.2056,-69.3369,86.22,66,40,6.91,DO,2022-01-28 20:45:47
134,Caravelas,-17.7125,-39.2481,79.11,77,0,9.01,BR,2022-01-28 20:45:48
135,San Patricio,28.017,-97.5169,58.17,34,93,11.92,US,2022-01-28 20:45:48
136,Bluff,-46.6,168.3333,59.81,72,91,5.17,NZ,2022-01-28 20:46:49
137,Mchinji,-13.7984,32.8802,65.48,97,100,2.37,MW,2022-01-28 20:46:50
138,Te Anau,-45.4167,167.7167,58.98,68,67,5.64,NZ,2022-01-28 20:46:14
139,Castro,-24.7911,-50.0119,61.97,99,100,7.29,BR,2022-01-28 20:44:25
140,Reconquista,-29.15,-59.65,89.98,22,0,9.82,AR,2022-01-28 20:46:51
141,Surt,31.2089,16.5887,55.6,52,0,7.27,LY,2022-01-28 20:46:51
142,Katherine,-14.4667,132.2667,79.12,89,100,10.36,AU,2022-01-28 20:46:52
143,Minna,9.6139,6.5569,82.11,24,80,13.8,NG,2022-01-28 20:46:52
144,Guerrero Negro,27.9769,-114.0611,71.8,24,40,3.18,MX,2022-01-28 20:46:53
145,Lebu,-37.6167,-73.65,65.05,76,3,6.38,CL,2022-01-28 20:46:53
146,Jijiga,9.35,42.8,59.45,49,90,11.27,ET,2022-01-28 20:46:54
147,Paamiut,61.994,-49.6678,23.27,89,100,25.95,GL,2022-01-28 20:46:54
148,Pitimbu,-7.4706,-34.8086,81.19,70,50,11.56,BR,2022-01-28 20:45:12
149,Pali,25.7667,73.3333,56.32,26,0,4.56,IN,2022-01-28 20:46:55
150,Bafilo,9.35,1.2667,76.44,19,67,4.25,TG,2022-01-28 20:46:56
151,Sakit,27.45,78.8167,48.97,64,0,5.86,IN,2022-01-28 20:46:56
152,Matara,5.9485,80.5353,74.35,90,38,4.7,LK,2022-01-28 20:46:57
153,Hailar,49.2,119.7,-11.72,91,58,7.16,CN,2022-01-28 20:46:57
154,Bahia Blanca,-38.7196,-62.2724,89.85,21,0,11.18,AR,2022-01-28 20:46:58
155,Santa Isabel Do Rio Negro,-0.4139,-65.0192,77.74,91,100,1.74,BR,2022-01-28 20:46:58
156,Plotnikovo,55.0247,85.9436,-1.86,100,94,3.89,RU,2022-01-28 20:46:59
157,Vila Franca Do Campo,37.7167,-25.4333,58.19,80,31,9.19,PT,2022-01-28 20:47:00
158,Ilulissat,69.2167,-51.1,17.62,45,100,24.16,GL,2022-01-28 20:47:00
159,Mega,4.05,38.3,66.42,26,4,6.51,ET,2022-01-28 20:47:01
160,Madimba,-10.4,40.3333,75.09,92,100,3.09,TZ,2022-01-28 20:47:02
161,Poronaysk,49.2167,143.1167,1.81,97,100,9.62,RU,2022-01-28 20:47:02
162,Waingapu,-9.6567,120.2641,77.76,86,100,6.22,ID,2022-01-28 20:42:14
163,Tautira,-17.7333,-149.15,84.22,75,24,16.75,PF,2022-01-28 20:47:03
164,Oriximina,-1.7656,-55.8661,79.83,87,78,3.53,BR,2022-01-28 20:47:04
165,Springbok,-29.6643,17.8865,69.98,49,0,6.35,ZA,2022-01-28 20:47:05
166,Pontes E Lacerda,-15.2261,-59.3353,80.56,81,90,4.56,BR,2022-01-28 20:45:42
167,Carutapera,-1.195,-46.02,74.5,94,100,8.84,BR,2022-01-28 20:47:06
168,Asfi,32.2994,-9.2372,60.4,68,52,10.09,MA,2022-01-28 20:47:06
169,Karpathos,35.507,27.2132,51.76,71,50,8.05,GR,2022-01-28 20:47:07
170,Katsuura,35.1333,140.3,42.19,68,100,8.57,JP,2022-01-28 20:47:07
171,Upington,-28.4478,21.2561,86.38,25,13,6.91,ZA,2022-01-28 20:47:08
172,Harper,4.375,-7.7169,79.95,81,65,7.67,LR,2022-01-28 20:47:08
173,Tazovskiy,67.4667,78.7,0.9,97,98,6.46,RU,2022-01-28 20:47:09
174,Pacific Grove,36.6177,-121.9166,71.42,33,0,3.0,US,2022-01-28 20:43:27
175,Bulgan,48.8125,103.5347,-8.48,94,71,4.03,MN,2022-01-28 20:47:10
176,Christchurch,-43.5333,172.6333,72.03,72,2,1.99,NZ,2022-01-28 20:47:10
177,Hofn,64.2539,-15.2082,30.61,53,36,13.13,IS,2022-01-28 20:47:11
178,Dudinka,69.4058,86.1778,2.62,92,100,20.56,RU,2022-01-28 20:47:11
179,Meulaboh,4.1363,96.1285,79.02,86,80,2.35,ID,2022-01-28 20:47:12
180,Souillac,-20.5167,57.5167,79.18,89,75,4.61,MU,2022-01-28 20:47:12
181,San Quintin,30.4833,-115.95,67.33,32,96,7.87,MX,2022-01-28 20:47:13
182,Touros,-5.1989,-35.4608,77.9,73,70,6.53,BR,2022-01-28 20:47:13
183,Sheltozero,61.3667,35.3667,17.83,97,100,1.52,RU,2022-01-28 20:47:14
184,Richards Bay,-28.783,32.0377,74.7,89,100,12.59,ZA,2022-01-28 20:47:14
185,Bengkulu,-3.8004,102.2655,76.48,86,100,2.66,ID,2022-01-28 20:48:15
186,Husavik,66.0449,-17.3389,24.71,87,89,39.91,IS,2022-01-28 20:48:16
187,Hermanus,-34.4187,19.2345,62.8,76,0,11.45,ZA,2022-01-28 20:48:16
188,Manzil Salim,35.8567,8.4765,42.8,65,0,4.12,TN,2022-01-28 20:48:17
189,Zhanakorgan,43.9098,67.2495,37.87,82,100,17.43,KZ,2022-01-28 20:48:17
190,Trairi,-3.2778,-39.2689,72.09,94,100,8.03,BR,2022-01-28 20:48:18
191,Qasigiannguit,68.8193,-51.1922,17.85,56,100,17.13,GL,2022-01-28 20:48:18
192,Viedma,-40.8135,-62.9967,92.12,18,0,16.67,AR,2022-01-28 20:48:19
193,Dokka,60.84,10.0618,24.76,92,100,2.62,NO,2022-01-28 20:48:19
194,Leningradskiy,69.3833,178.4167,-10.77,96,90,1.97,RU,2022-01-28 20:48:20
195,Villa Maria,-32.4075,-63.2402,82.81,44,0,8.57,AR,2022-01-28 20:48:20
196,Faanui,-16.4833,-151.75,81.41,74,12,17.85,PF,2022-01-28 20:48:21
197,Tahta,26.7693,31.5021,50.32,43,0,7.36,EG,2022-01-28 20:48:22
198,Alice Springs,-23.7,133.8833,72.95,100,100,10.36,AU,2022-01-28 20:48:22
199,Saint George,37.1041,-113.5841,59.47,20,0,3.0,US,2022-01-28 20:48:23
200,Shaoxing,30.011,120.5715,38.95,100,100,3.76,CN,2022-01-28 20:48:23
201,Mnogovershinnyy,53.9353,139.9242,-21.77,96,43,4.43,RU,2022-01-28 20:48:24
202,Tuatapere,-46.1333,167.6833,59.83,61,99,4.65,NZ,2022-01-28 20:48:24
203,Amiens,49.9,2.3,45.72,94,98,8.39,FR,2022-01-28 20:48:25
204,Kupang,-10.1667,123.5833,78.82,87,100,9.89,ID,2022-01-28 20:48:25
205,Boralday,43.3578,76.8594,22.86,93,75,6.71,KZ,2022-01-28 20:48:26
206,Namatanai,-3.6667,152.4333,80.28,81,91,3.09,PG,2022-01-28 20:48:26
207,Ilhabela,-23.7781,-45.3581,75.27,91,100,9.42,BR,2022-01-28 20:48:27
208,Marsh Harbour,26.5412,-77.0636,74.5,76,100,20.09,BS,2022-01-28 20:48:27
209,Bambous Virieux,-20.3428,57.7575,79.05,89,75,4.61,MU,2022-01-28 20:48:28
210,Miri,4.4148,114.0089,75.34,100,40,3.44,MY,2022-01-28 20:48:29
211,Grootfontein,-19.5667,18.1167,76.6,48,100,4.59,NA,2022-01-28 20:48:29
212,Gainesville,29.6516,-82.3248,60.75,64,0,1.01,US,2022-01-28 20:48:30
213,Grand-Santi,4.25,-54.3833,75.38,96,99,3.36,GF,2022-01-28 20:48:30
214,Labuhan,-6.8844,112.2051,78.13,84,100,6.69,ID,2022-01-28 20:48:31
215,Petropavlovsk-Kamchatskiy,53.0452,158.6483,23.59,86,75,11.18,RU,2022-01-28 20:48:31
216,Kaitangata,-46.2817,169.8464,61.74,59,87,1.83,NZ,2022-01-28 20:48:32
217,Salta,-24.7859,-65.4117,77.29,60,40,4.61,AR,2022-01-28 20:47:53
218,Naberera,-4.2,36.9333,67.51,75,100,5.06,TZ,2022-01-28 20:48:33
219,Chuy,-33.6971,-53.4616,70.56,59,62,8.81,UY,2022-01-28 20:48:33
220,Lucapa,-8.4192,20.7447,67.21,86,95,2.51,AO,2022-01-28 20:48:01
221,Barrow,71.2906,-156.7887,-14.78,70,100,17.27,US,2022-01-28 20:48:34
222,Guaruja,-23.9931,-46.2564,82.0,83,100,2.3,BR,2022-01-28 20:48:35
223,Tasiilaq,65.6145,-37.6368,14.16,65,48,6.26,GL,2022-01-28 20:48:35
224,Narsaq,60.9167,-46.05,17.82,86,100,8.48,GL,2022-01-28 20:48:36
225,Zyryanka,65.75,150.85,-12.71,97,100,7.47,RU,2022-01-28 20:48:36
226,Genhe,50.7833,121.5167,-20.38,99,48,2.46,CN,2022-01-28 20:48:37
227,Kruisfontein,-34.0033,24.7314,62.89,88,2,7.2,ZA,2022-01-28 20:48:37
228,Likasi,-10.9814,26.7333,63.32,97,100,3.18,CD,2022-01-28 20:48:38
229,Ojinaga,29.5667,-104.4167,57.58,35,0,8.05,MX,2022-01-28 20:48:38
230,Omsukchan,62.5333,155.8,0.12,95,100,7.83,RU,2022-01-28 20:48:39
231,Ixtapa,20.7,-105.2,87.42,35,77,7.54,MX,2022-01-28 20:48:39
232,Gao,16.6362,1.637,68.49,16,0,12.8,ML,2022-01-28 20:48:40
233,Airai,-8.9266,125.4092,59.92,92,100,3.15,TL,2022-01-28 20:48:40
234,Sistranda,63.7256,8.834,37.9,74,100,12.35,NO,2022-01-28 20:48:41
235,Sumbe,-11.2061,13.8437,77.56,87,100,6.26,AO,2022-01-28 20:49:41
236,Encruzilhada Do Sul,-30.5439,-52.5219,70.72,51,57,10.29,BR,2022-01-28 20:49:42
237,Comodoro Rivadavia,-45.8667,-67.5,64.26,82,75,9.22,AR,2022-01-28 20:49:43
238,Vanimo,-2.6741,141.3028,75.88,90,93,4.0,PG,2022-01-28 20:49:43
239,Moose Factory,51.2585,-80.6094,1.4,60,75,10.36,CA,2022-01-28 20:49:44
240,Aligudarz,33.4006,49.6949,10.49,74,7,5.19,IR,2022-01-28 20:49:45
241,Dingle,10.9995,122.6711,74.64,90,36,4.47,PH,2022-01-28 20:49:45
242,Cockburn Town,21.4612,-71.1419,78.76,65,40,8.05,TC,2022-01-28 20:49:46
243,Alofi,-19.0595,-169.9187,84.09,79,75,10.36,NU,2022-01-28 20:49:46
244,Moussoro,13.6408,16.4901,65.73,12,0,14.81,TD,2022-01-28 20:49:47
245,Thompson,55.7435,-97.8558,-5.64,65,100,4.61,CA,2022-01-28 20:49:47
246,Aykhal,66.0,111.5,-15.56,100,58,4.43,RU,2022-01-28 20:49:48
247,Jiwani,25.05,61.7417,70.63,58,0,9.08,PK,2022-01-28 20:49:48
248,Yerbogachen,61.2767,108.0108,-22.54,100,99,4.38,RU,2022-01-28 20:49:49
249,Mae Hong Son,19.3003,97.9685,58.77,73,80,1.41,TH,2022-01-28 20:49:49
250,Beringovskiy,63.05,179.3167,-5.31,95,99,2.82,RU,2022-01-28 20:49:50
251,Nyurba,63.2842,118.3319,-22.63,100,13,3.38,RU,2022-01-28 20:49:51
252,Susehri,40.1644,38.0867,5.22,90,22,2.1,TR,2022-01-28 20:49:52
253,Komsomolsk,49.0097,33.6455,31.75,89,98,14.25,UA,2022-01-28 20:49:52
254,Santa Cruz,-17.8,-63.1667,87.85,55,40,13.8,BO,2022-01-28 20:46:59
255,La Rochelle,46.1667,-1.15,45.48,100,100,3.44,FR,2022-01-28 20:49:53
256,Carnarvon,-24.8667,113.6333,69.87,94,0,6.91,AU,2022-01-28 20:49:54
257,Port Hedland,-20.3167,118.5667,80.65,74,94,9.22,AU,2022-01-28 20:44:58
258,Poretskoye,55.1974,46.3291,12.67,97,96,6.26,RU,2022-01-28 20:49:55
259,Izhma,65.0083,53.9113,4.82,94,99,8.37,RU,2022-01-28 20:49:56
260,Kigoma,-4.8769,29.6267,74.68,75,98,2.15,TZ,2022-01-28 20:49:56
261,Severomuysk,56.1481,113.4267,-20.04,98,55,4.59,RU,2022-01-28 20:49:57
262,Dalbandin,28.8947,64.4101,57.47,39,0,4.21,PK,2022-01-28 20:49:57
263,Sinjar,36.3209,41.8754,41.09,50,71,7.07,IQ,2022-01-28 20:49:58
264,Najran,17.4924,44.1277,59.65,24,0,3.33,SA,2022-01-28 20:49:58
265,Russell,32.3502,-85.1999,54.05,39,100,13.22,US,2022-01-28 20:45:24
266,Tiznit,29.5833,-9.5,56.64,41,0,23.8,MA,2022-01-28 20:49:59
267,Sur,22.5667,59.5289,69.3,58,0,4.25,OM,2022-01-28 20:50:00
268,Denpasar,-8.65,115.2167,80.26,83,40,5.75,ID,2022-01-28 20:46:24
269,Lima,-12.0432,-77.0282,73.13,79,75,1.01,PE,2022-01-28 20:50:01
270,Upernavik,72.7868,-56.1549,1.2,62,100,9.69,GL,2022-01-28 20:50:02
271,Naron,43.5167,-8.1528,51.6,84,0,8.68,ES,2022-01-28 20:50:03
272,Ulladulla,-35.35,150.4667,74.88,76,41,8.05,AU,2022-01-28 20:50:03
273,Bataipora,-22.2953,-53.2711,74.21,90,100,2.93,BR,2022-01-28 20:50:04
274,Mao,39.8885,4.2658,46.96,87,0,6.91,ES,2022-01-28 20:50:05
275,Luderitz,-26.6481,15.1594,69.33,71,0,28.34,NA,2022-01-28 20:50:05
276,Visby,57.6409,18.296,35.82,64,63,14.97,SE,2022-01-28 20:50:06
277,Biak,-0.9131,122.8766,76.51,83,100,4.34,ID,2022-01-28 20:50:07
278,Kodiak,57.79,-152.4072,26.11,74,100,13.8,US,2022-01-28 20:47:53
279,Yacuiba,-22.038,-63.6797,77.77,83,75,9.22,BO,2022-01-28 20:51:08
280,Jiangyou,31.7667,104.7167,37.78,90,75,0.04,CN,2022-01-28 20:51:09
281,Henties Bay,-22.116,14.2845,63.86,82,44,8.84,NA,2022-01-28 20:51:09
282,Kondinskoye,59.6481,67.41,-7.69,100,86,4.29,RU,2022-01-28 20:51:10
283,Oranjestad,12.524,-70.027,84.15,58,20,13.8,AW,2022-01-28 20:51:11
284,Krasnoselkup,65.7,82.4667,2.39,96,97,11.79,RU,2022-01-28 20:51:11
285,Nanortalik,60.1432,-45.2371,24.71,85,100,4.7,GL,2022-01-28 20:51:12
286,Deputatskiy,69.3,139.9,-26.09,99,99,2.46,RU,2022-01-28 20:51:12
287,Flinders,-34.5833,150.8552,75.06,84,13,5.99,AU,2022-01-28 20:51:13
288,Puerto Escondido,15.85,-97.0667,85.03,70,20,6.91,MX,2022-01-28 20:51:14
289,Goderich,43.7501,-81.7165,12.9,61,55,10.36,CA,2022-01-28 20:51:14
290,Saint-Augustin,51.226,-58.6502,23.43,90,100,13.18,CA,2022-01-28 20:51:15
291,Ribeira Grande,38.5167,-28.7,57.6,67,40,9.22,PT,2022-01-28 20:49:19
292,Montes Altos,-5.8333,-47.0667,82.89,94,92,3.85,BR,2022-01-28 20:51:16
293,Brasilia,-15.7797,-47.9297,76.12,65,75,12.66,BR,2022-01-28 20:51:17
294,Bethel,41.3712,-73.414,33.03,80,100,3.44,US,2022-01-28 20:51:17
295,Sinnamary,5.3833,-52.95,76.55,87,48,9.71,GF,2022-01-28 20:49:08
296,Wilmington,34.2257,-77.9447,46.31,62,100,8.05,US,2022-01-28 20:46:40
297,Kudahuvadhoo,2.6708,72.8944,80.13,61,27,9.57,MV,2022-01-28 20:51:18
298,Chokurdakh,70.6333,147.9167,-30.86,96,96,4.12,RU,2022-01-28 20:51:19
299,Honningsvag,70.9821,25.9704,26.13,74,40,4.61,NO,2022-01-28 20:51:20
300,Punta Gorda,26.9298,-82.0454,72.23,74,0,5.01,US,2022-01-28 20:51:20
301,Batagay,67.6333,134.6333,-42.03,99,64,1.32,RU,2022-01-28 20:51:21
302,Huarmey,-10.0681,-78.1522,73.2,77,100,9.04,PE,2022-01-28 20:51:21
303,Aklavik,68.2191,-135.0107,-19.37,69,20,2.3,CA,2022-01-28 20:51:22
304,Elban,50.1018,136.5094,-8.01,98,100,1.61,RU,2022-01-28 20:51:22
305,Sala,34.0389,-6.8166,61.75,51,5,9.22,MA,2022-01-28 20:51:23
306,Letlhakeng,-24.0944,25.0298,73.35,69,68,4.61,BW,2022-01-28 20:51:24
307,Den Helder,52.9599,4.7593,46.38,84,100,20.0,NL,2022-01-28 20:51:24
308,Grindavik,63.8424,-22.4338,28.35,63,100,17.27,IS,2022-01-28 20:51:25
309,Nassau,40.7507,-73.5829,35.01,78,100,1.01,US,2022-01-28 20:49:33
310,Salaga,8.5508,-0.5188,87.19,14,47,1.34,GH,2022-01-28 20:51:26
311,Port Blair,11.6667,92.75,80.64,83,40,5.75,IN,2022-01-28 20:51:26
312,Takoradi,4.8845,-1.7554,80.38,79,40,8.34,GH,2022-01-28 20:51:27
313,Los Llanos De Aridane,28.6585,-17.9182,56.95,59,0,9.22,ES,2022-01-28 20:51:27
314,Pinega,64.7001,43.3936,14.0,95,100,5.35,RU,2022-01-28 20:51:28
315,Kadayanallur,9.0833,77.35,72.09,81,61,6.29,IN,2022-01-28 20:51:29
316,Zhezkazgan,47.8043,67.7144,10.81,83,100,13.96,KZ,2022-01-28 20:51:29
317,Bathsheba,13.2167,-59.5167,79.41,83,40,5.75,BB,2022-01-28 20:51:30
318,College,64.8569,-147.8028,6.75,53,100,11.5,US,2022-01-28 20:51:30
319,Coquimbo,-29.9533,-71.3436,67.73,68,20,13.8,CL,2022-01-28 20:51:31
320,Vardo,70.3705,31.1107,30.18,80,75,18.41,NO,2022-01-28 20:52:32
321,Yulara,-25.2406,130.9889,78.64,47,87,10.36,AU,2022-01-28 20:52:32
322,Fuling,29.7022,107.3919,41.16,96,100,0.63,CN,2022-01-28 20:52:33
323,Khuzdar,27.7384,66.6434,52.3,39,0,4.79,PK,2022-01-28 20:52:34
324,Kuryk,43.2,51.65,35.46,67,99,11.07,KZ,2022-01-28 20:52:34
325,Miyako,39.6367,141.9525,29.41,58,5,8.1,JP,2022-01-28 20:52:35
326,San Joaquin,37.9333,-121.3011,65.46,58,0,0.0,US,2022-01-28 20:52:35
327,Brainerd,46.358,-94.2008,18.25,57,100,6.42,US,2022-01-28 20:52:36
328,Axim,4.8699,-2.2405,80.01,80,76,7.38,GH,2022-01-28 20:52:36
329,Palizada,18.25,-92.0833,78.21,84,25,6.98,MX,2022-01-28 20:52:37
330,Pontianak,-0.0333,109.3333,75.18,100,100,1.14,ID,2022-01-28 20:52:37
331,Sitka,57.0531,-135.33,44.49,81,100,18.41,US,2022-01-28 20:52:38
332,Forbes,-33.3833,148.0167,77.92,58,99,3.02,AU,2022-01-28 20:52:38
333,Lavrentiya,65.5833,-171.0,-10.21,98,7,3.74,RU,2022-01-28 20:52:39
334,Padang,-0.9492,100.3543,76.84,86,85,3.94,ID,2022-01-28 20:52:39
335,Zhangye,38.9342,100.4517,20.08,34,0,3.02,CN,2022-01-28 20:52:40
336,Yellowknife,62.456,-114.3525,0.41,90,100,11.5,CA,2022-01-28 20:52:40
337,Baykit,61.67,96.37,-12.37,100,100,1.61,RU,2022-01-28 20:52:41
338,Keti Bandar,24.1447,67.4497,66.81,51,0,6.82,PK,2022-01-28 20:52:42
339,Coihaique,-45.5752,-72.0662,84.15,16,0,5.75,CL,2022-01-28 20:52:42
340,North Bend,43.4065,-124.2243,58.15,49,45,1.63,US,2022-01-28 20:52:43
341,Notre-Dame-Du-Lac,47.6136,-68.7964,12.54,87,98,7.76,CA,2022-01-28 20:52:44
342,Mansehra,34.3333,73.2,40.78,52,0,4.5,PK,2022-01-28 20:52:44
343,Kushiro,42.975,144.3747,20.5,71,76,16.75,JP,2022-01-28 20:52:45
344,Aksarka,66.5606,67.7975,-10.44,99,95,7.67,RU,2022-01-28 20:52:45
345,Pevek,69.7008,170.3133,-17.61,100,32,2.04,RU,2022-01-28 20:49:24
346,Bolgatanga,10.7856,-0.8514,80.4,17,28,6.67,GH,2022-01-28 20:52:46
347,Roald,62.5833,6.1333,42.85,81,75,19.57,NO,2022-01-28 20:52:47
348,Yatou,37.15,122.3833,28.24,54,94,6.73,CN,2022-01-28 20:52:47
349,Mweka,-4.85,21.5667,70.92,87,100,1.19,CD,2022-01-28 20:52:48
350,Codrington,-38.2667,141.9667,62.73,79,93,11.18,AU,2022-01-28 20:52:49
351,Evensk,61.95,159.2333,17.58,68,100,29.15,RU,2022-01-28 20:52:49
352,Kieta,-6.2167,155.6333,80.69,75,99,3.18,PG,2022-01-28 20:52:50
353,Woodstock,43.1334,-80.7497,12.81,58,73,4.0,CA,2022-01-28 20:50:23
354,Mikuni,36.2171,136.1519,31.91,80,100,5.7,JP,2022-01-28 20:52:50
355,Vallenar,-28.5708,-70.7581,80.69,38,0,9.08,CL,2022-01-28 20:52:51
356,Clyde,41.3042,-82.9752,19.81,74,100,11.79,US,2022-01-28 20:52:52
357,Aracati,-4.5617,-37.7697,75.9,83,100,12.82,BR,2022-01-28 20:52:52
358,Tezu,27.9167,96.1667,50.65,56,0,4.34,IN,2022-01-28 20:52:53
359,Lorengau,-2.0226,147.2712,80.98,81,100,6.46,PG,2022-01-28 20:52:53
360,Teguise,29.0605,-13.564,61.02,63,75,10.36,ES,2022-01-28 20:52:54
361,Khandbari,27.3747,87.2039,43.88,65,4,2.59,NP,2022-01-28 20:52:54
362,Trapani,37.8333,12.6667,53.78,82,40,10.36,IT,2022-01-28 20:52:55
363,Shitanjing,39.2342,106.3439,18.27,47,0,3.29,CN,2022-01-28 20:52:55
364,Mokhsogollokh,61.4681,128.9203,-16.22,97,29,5.57,RU,2022-01-28 20:52:56
365,Basoko,1.2391,23.616,75.36,66,88,3.06,CD,2022-01-28 20:52:56
366,Ruthin,53.1137,-3.3178,51.73,91,100,5.99,GB,2022-01-28 20:53:57
367,Tokur,53.1333,132.9,-36.04,100,56,2.46,RU,2022-01-28 20:53:57
368,Emborion,40.4833,21.55,35.96,75,20,5.1,GR,2022-01-28 20:53:58
369,The Valley,18.217,-63.0578,84.06,65,40,13.8,AI,2022-01-28 20:53:59
370,Puerto Gaitan,4.3133,-72.0816,97.43,20,92,13.38,CO,2022-01-28 20:53:59
371,Sri Aman,1.2376,111.4621,75.25,100,100,0.0,MY,2022-01-28 20:54:00
372,Greensboro,36.0726,-79.792,46.78,49,100,1.99,US,2022-01-28 20:51:57
373,Marienburg,54.0359,19.0266,32.88,72,20,11.36,PL,2022-01-28 20:54:01
374,Makakilo City,21.3469,-158.0858,78.69,63,75,0.0,US,2022-01-28 20:54:01
375,Soe,-9.8607,124.284,65.66,90,98,5.01,ID,2022-01-28 20:49:12
376,Warrington,53.3925,-2.5802,51.87,85,40,1.99,GB,2022-01-28 20:54:02
377,Rovaniemi,66.5,25.7167,11.61,92,0,5.75,FI,2022-01-28 20:54:03
378,Bahia De Caraquez,-0.6,-80.4167,80.78,86,97,5.28,EC,2022-01-28 20:54:03
379,Kapoeta,4.7717,33.5903,83.77,22,5,2.93,SS,2022-01-28 20:54:04
380,Arsk,56.0915,49.8778,15.58,96,100,7.9,RU,2022-01-28 20:54:04
381,Port Moresby,-9.4431,147.1797,74.62,100,40,5.75,PG,2022-01-28 20:54:05
382,Lagoa,39.05,-27.9833,58.21,57,100,13.87,PT,2022-01-28 20:50:37
383,Gordeyevka,52.9569,31.9703,31.69,99,100,7.18,RU,2022-01-28 20:54:06
384,Tars,36.9188,34.8784,44.47,67,4,6.53,TR,2022-01-28 20:54:06
385,Trofaiach,47.4167,15.0,33.94,78,78,8.37,AT,2022-01-28 20:54:07
386,Kanigiri,15.4,79.5167,66.94,87,42,3.65,IN,2022-01-28 20:54:08
387,Kamenka,51.3223,42.7678,17.74,95,100,11.83,RU,2022-01-28 20:54:08
388,Abha,18.2164,42.5053,51.62,87,0,0.0,SA,2022-01-28 20:54:09
389,San Cristobal,7.7669,-72.225,78.98,44,87,4.85,VE,2022-01-28 20:54:09
390,Mandera,3.9366,41.867,81.72,23,94,5.23,KE,2022-01-28 20:54:10
391,Ocos,14.5094,-92.1933,93.7,61,1,12.5,GT,2022-01-28 20:54:10
392,Asau,46.4333,26.4,38.32,80,96,7.72,RO,2022-01-28 20:54:11
393,Mwingi,-0.9344,38.0601,69.39,57,80,1.34,KE,2022-01-28 20:54:11
394,Akyab,20.15,92.9,60.84,62,99,13.38,MM,2022-01-28 20:54:12
395,Roma,43.2128,-75.4557,23.5,72,100,6.91,US,2022-01-28 20:52:26
396,Uyskoye,54.3775,60.0047,2.61,99,100,2.53,RU,2022-01-28 20:54:13
397,Maniitsoq,65.4167,-52.9,22.93,92,100,23.71,GL,2022-01-28 20:54:13
398,Namibe,-15.1961,12.1522,72.82,81,100,5.91,AO,2022-01-28 20:54:14
399,Aitape,-3.1374,142.3475,76.26,87,100,4.79,PG,2022-01-28 20:54:15
400,Lasa,46.6166,10.7002,36.48,76,46,8.3,IT,2022-01-28 20:54:15
401,Bara,10.3744,10.7288,72.41,26,41,11.99,NG,2022-01-28 20:54:16
402,Ulagan,50.6321,87.9563,-20.51,92,40,2.19,RU,2022-01-28 20:54:16
403,Javanrud,34.7961,46.5172,24.44,91,28,2.55,IR,2022-01-28 20:54:17
404,Tottori,35.5,134.2333,40.26,89,100,5.86,JP,2022-01-28 20:54:17
405,Miles City,46.4083,-105.8406,37.22,69,7,8.55,US,2022-01-28 20:54:18
406,Mizdah,31.4451,12.9801,45.34,43,9,5.17,LY,2022-01-28 20:54:18
407,Kavaratti,10.5669,72.642,80.46,73,26,9.8,IN,2022-01-28 20:54:19
408,Saint-Joseph,-21.3667,55.6167,75.56,74,7,7.56,RE,2022-01-28 20:54:19
409,Naze,28.3667,129.4833,56.43,75,100,10.4,JP,2022-01-28 20:52:01
410,Evanston,42.0411,-87.6901,25.48,70,98,3.0,US,2022-01-28 20:54:20
411,Bilma,18.6853,12.9164,61.0,18,0,9.13,NE,2022-01-28 20:54:21
412,Romanovskaya,47.5426,42.0285,23.11,94,100,12.17,RU,2022-01-28 20:54:21
413,Todos Santos,23.45,-110.2167,81.01,66,11,8.88,MX,2022-01-28 20:54:22
414,Valsamata,38.1667,20.6,36.97,76,100,3.27,GR,2022-01-28 20:55:22
415,Fonte Boa,-2.4959,-66.2662,82.72,74,100,3.22,BR,2022-01-28 20:55:23
416,Matagami,49.7502,-77.6328,-3.89,65,0,10.36,CA,2022-01-28 20:55:24
417,Hibbing,47.4272,-92.9377,13.5,82,100,6.46,US,2022-01-28 20:55:24
418,Kiunga,-6.1219,141.2906,72.0,99,100,0.83,PG,2022-01-28 20:55:25
419,Ancud,-41.8697,-73.8203,78.33,60,0,9.53,CL,2022-01-28 20:55:25
420,Kimberley,-28.7323,24.7623,65.89,77,67,8.05,ZA,2022-01-28 20:55:26
421,Weligama,5.9667,80.4167,74.89,88,44,3.18,LK,2022-01-28 20:55:26
422,Gamba,-2.65,10.0,76.42,86,63,1.63,GA,2022-01-28 20:55:27
423,Vilhena,-12.7406,-60.1458,73.62,94,75,9.22,BR,2022-01-28 20:55:27
424,Yurimaguas,-5.9,-76.0833,91.56,55,40,6.91,PE,2022-01-28 20:55:28
425,Oga,46.4631,10.347,23.97,88,59,6.62,IT,2022-01-28 20:55:28
426,Knysna,-34.0363,23.0471,66.58,81,34,1.61,ZA,2022-01-28 20:55:29
427,Uyuni,-20.4597,-66.825,62.37,40,85,3.67,BO,2022-01-28 20:55:30
428,Baruun-Urt,46.6806,113.2792,-9.26,90,3,3.18,MN,2022-01-28 20:55:30
429,Fukue,32.6881,128.8419,46.69,62,100,18.81,JP,2022-01-28 20:54:04
430,Hanzhong,33.0728,107.0303,33.1,93,100,1.9,CN,2022-01-28 20:55:31
431,Bellevue,47.6104,-122.2007,52.14,59,100,5.01,US,2022-01-28 20:55:31
432,Sorland,67.667,12.6934,32.54,61,100,18.95,NO,2022-01-28 20:55:32
433,Waipawa,-41.4122,175.5153,63.45,50,100,4.18,NZ,2022-01-28 20:55:33
434,Mahibadhoo,3.7833,72.9667,80.6,65,16,13.76,MV,2022-01-28 20:55:33
435,Yumen,40.2833,97.2,19.15,42,0,4.27,CN,2022-01-28 20:55:34
436,Axams,47.2081,11.2869,24.55,60,20,4.61,AT,2022-01-28 20:55:34
437,Leshukonskoye,64.8989,45.7622,13.55,95,100,6.87,RU,2022-01-28 20:55:35
438,Atar,20.5169,-13.0499,73.31,20,100,6.4,MR,2022-01-28 20:51:48
439,Mogadishu,2.0371,45.3438,77.05,79,76,21.3,SO,2022-01-28 20:52:17
440,New Glasgow,45.5834,-62.6486,34.18,82,100,13.24,CA,2022-01-28 20:52:49
441,Turukhansk,65.8167,87.9833,-1.25,95,100,12.88,RU,2022-01-28 20:55:37
442,Ust-Omchug,61.15,149.6333,-0.94,98,100,9.55,RU,2022-01-28 20:55:37
443,Yeppoon,-23.1333,150.7333,73.18,80,82,13.56,AU,2022-01-28 20:55:38
444,Ihosy,-22.4,46.1167,63.84,93,6,6.71,MG,2022-01-28 20:55:38
445,Aksu,41.1231,80.2644,21.47,53,5,0.92,CN,2022-01-28 20:55:39
446,Mackay,-21.15,149.2,78.78,73,24,13.8,AU,2022-01-28 20:55:39
447,Belyy Yar,53.6039,91.3903,-13.14,68,75,2.24,RU,2022-01-28 20:55:40
448,Ambanja,-13.6833,48.45,74.97,89,82,3.06,MG,2022-01-28 20:55:41
449,Constitucion,-35.3333,-72.4167,65.32,72,0,11.39,CL,2022-01-28 20:54:10
450,Faya,18.3851,42.4509,51.91,86,92,3.11,SA,2022-01-28 20:55:04
451,Taoudenni,22.6783,-3.9836,74.03,13,94,11.61,ML,2022-01-28 20:55:42
452,Turayf,31.6725,38.6637,41.25,87,40,4.61,SA,2022-01-28 20:55:42
453,Nemuro,43.3236,145.575,21.27,88,100,12.68,JP,2022-01-28 20:55:44
454,Inuvik,68.3499,-133.7218,-19.19,76,20,3.44,CA,2022-01-28 20:55:45
455,Agadez,19.75,10.25,56.71,17,0,5.77,NE,2022-01-28 20:55:45
456,Gaborone,-24.6545,25.9086,76.91,65,0,4.61,BW,2022-01-28 20:54:51
457,Nome,64.5011,-165.4064,-10.84,74,0,6.46,US,2022-01-28 20:55:46
458,Barcelos,41.5388,-8.6151,49.28,56,0,6.31,PT,2022-01-28 20:55:47
459,Bafoulabe,13.8065,-10.8321,87.33,11,64,3.53,ML,2022-01-28 20:55:47
460,Okhotsk,59.3833,143.3,8.83,76,100,18.48,RU,2022-01-28 20:56:48
461,Lerwick,60.1545,-1.1494,48.2,94,100,29.64,GB,2022-01-28 20:56:48
462,San Juan,-31.5375,-68.5364,89.13,31,5,9.44,AR,2022-01-28 20:55:26
463,Beyneu,45.3167,55.2,28.0,84,100,16.73,KZ,2022-01-28 20:56:49
464,Valea Stanciului,43.9833,23.8667,36.45,75,7,19.42,RO,2022-01-28 20:56:50
465,Ukiah,39.1502,-123.2078,68.38,28,100,2.82,US,2022-01-28 20:56:50
466,Ratnagiri,16.9833,73.3,71.58,43,4,6.4,IN,2022-01-28 20:56:51
467,Brae,60.3964,-1.353,48.11,95,100,28.19,GB,2022-01-28 20:55:59
468,Sorong,-0.8833,131.25,80.55,81,100,11.97,ID,2022-01-28 20:56:51
469,Komsomolskiy,40.4272,71.7189,36.82,41,100,6.91,UZ,2022-01-28 20:56:52
470,Opoczno,51.3757,20.2783,35.22,79,30,15.28,PL,2022-01-28 20:56:53
471,Batagay-Alyta,67.8006,130.4114,-14.49,94,81,5.21,RU,2022-01-28 20:56:53
472,Erenhot,43.6475,111.9767,0.75,91,5,6.31,CN,2022-01-28 20:56:54
473,Severnyy-Kospashskiy,59.0925,57.8008,-5.4,75,98,3.22,RU,2022-01-28 20:56:54
474,Swan River,52.1058,-101.2676,3.09,72,100,0.0,CA,2022-01-28 20:56:55
475,Tabou,4.423,-7.3528,80.24,80,71,7.61,CI,2022-01-28 20:56:55
476,Kattivakkam,13.2167,80.3167,80.08,80,99,10.94,IN,2022-01-28 20:56:56
477,Port Macquarie,-31.4333,152.9167,68.9,82,17,4.12,AU,2022-01-28 20:56:03
478,Barrafranca,37.3791,14.2011,45.95,81,100,4.94,IT,2022-01-28 20:56:57
479,Yamada,39.4667,141.95,29.28,56,1,6.87,JP,2022-01-28 20:56:57
480,Falun,60.6036,15.626,28.94,73,100,7.2,SE,2022-01-28 20:56:58
481,Garavuti,37.5672,68.4469,43.45,91,100,4.0,TJ,2022-01-28 20:56:58
482,Makushino,55.2103,67.2442,4.69,98,100,4.21,RU,2022-01-28 20:56:59
483,Kabwe,-14.4469,28.4464,64.96,97,100,4.34,ZM,2022-01-28 20:56:59
484,Bichura,50.5881,107.6022,-13.86,100,52,1.59,RU,2022-01-28 20:57:00
485,Wenzhou,27.9994,120.6668,46.63,78,100,3.6,CN,2022-01-28 20:57:00
486,Nishihara,26.1842,127.7558,63.68,100,100,4.61,JP,2022-01-28 20:57:01
487,Dvorichna,49.8496,37.6857,32.79,97,100,11.77,UA,2022-01-28 20:57:01
488,Iskateley,67.6803,53.1512,0.5,96,99,9.57,RU,2022-01-28 20:57:02
489,Bridgetown,13.1,-59.6167,79.29,78,40,5.75,BB,2022-01-28 20:57:03
490,Yelovo,57.0538,54.9207,9.41,96,100,2.62,RU,2022-01-28 20:57:03
491,Porto Seguro,-16.4497,-39.0647,84.72,70,20,12.66,BR,2022-01-28 20:57:04
492,Nisia Floresta,-6.0911,-35.2086,79.18,72,65,7.74,BR,2022-01-28 20:57:04
493,Eureka,40.8021,-124.1637,66.2,53,99,1.01,US,2022-01-28 20:57:05
494,Senno,59.5336,33.9167,19.26,98,99,2.35,RU,2022-01-28 20:57:06
495,Talaya,61.3833,152.75,-9.9,99,100,5.75,RU,2022-01-28 20:57:06
496,Sa Kaeo,13.75,102.3333,76.46,78,8,7.49,TH,2022-01-28 20:57:07
497,Ola,59.5833,151.2833,13.73,76,100,17.34,RU,2022-01-28 20:57:07
498,Neepawa,50.2289,-99.4664,10.8,91,100,4.54,CA,2022-01-28 20:57:08
499,Nizhniy Baskunchak,48.2198,46.8311,10.89,95,20,6.73,RU,2022-01-28 20:57:08
500,Locri,38.2414,16.2623,55.81,83,100,6.96,IT,2022-01-28 20:57:09
501,Emerald,-23.5333,148.1667,73.54,78,62,5.75,AU,2022-01-28 20:52:20
502,Vao,-22.6667,167.4833,77.52,85,100,21.65,NC,2022-01-28 20:57:07
503,Abalak,58.1286,68.5944,-5.44,100,91,3.71,RU,2022-01-28 20:57:10
504,Wamba,8.9333,8.6,75.02,22,45,5.41,NG,2022-01-28 20:54:39
505,Scarborough,54.2797,-0.4044,51.51,85,94,5.99,GB,2022-01-28 20:57:11
506,Macamic,48.7502,-78.9996,-3.77,85,45,3.83,CA,2022-01-28 20:57:11
507,Rohnert Park,38.3396,-122.7011,66.02,55,0,5.99,US,2022-01-28 20:54:31
508,Agirish,61.9247,63.0231,-8.52,100,96,3.6,RU,2022-01-28 20:58:12
509,Morro Bay,35.3658,-120.8499,74.34,39,75,1.99,US,2022-01-28 20:58:13
510,Antofagasta,-23.65,-70.4,70.21,67,28,8.93,CL,2022-01-28 20:58:14
511,La Romana,18.4273,-68.9728,86.36,58,40,13.8,DO,2022-01-28 20:58:14
512,Portalegre,39.2938,-7.4312,44.92,42,0,6.08,PT,2022-01-28 20:58:15
513,Olafsvik,64.8945,-23.7142,22.5,71,78,22.64,IS,2022-01-28 20:58:15
514,Vila Velha,-20.3297,-40.2925,84.15,82,20,10.0,BR,2022-01-28 20:55:58
515,Hokitika,-42.7167,170.9667,63.19,65,3,1.43,NZ,2022-01-28 20:58:16
516,Catamarca,-28.4696,-65.7852,82.58,51,47,7.52,AR,2022-01-28 20:58:17
517,Kharian,32.8149,73.8636,47.07,51,0,3.71,PK,2022-01-28 20:58:17
518,Nantucket,41.2835,-70.0995,35.96,76,100,3.69,US,2022-01-28 20:58:18
519,Zhongshu,24.5167,103.7667,45.05,92,21,3.27,CN,2022-01-28 20:58:19
520,Marovoay,-16.1,46.6333,80.74,86,1,1.88,MG,2022-01-28 20:58:20
521,Catuday,16.2923,119.8062,76.03,84,100,6.82,PH,2022-01-28 20:58:20
522,Dalvik,65.9702,-18.5286,24.73,89,98,13.33,IS,2022-01-28 20:58:21
523,Sarangani,5.4033,125.4636,81.79,76,57,11.88,PH,2022-01-28 20:58:21
524,Agar,23.7,76.0167,52.21,40,0,4.45,IN,2022-01-28 20:58:22
525,Xichang,27.8964,102.2634,37.18,82,78,3.96,CN,2022-01-28 20:58:23
526,Jizan,17.3333,42.6667,79.74,70,5,8.34,SA,2022-01-28 20:58:23
527,Pouembout,-21.1333,164.9,81.28,75,100,6.76,NC,2022-01-28 20:58:24
528,Pangody,65.85,74.4859,-6.18,100,93,7.49,RU,2022-01-28 20:58:24
529,Shieli,44.1667,66.75,34.99,95,100,14.41,KZ,2022-01-28 20:58:25
530,Duluth,46.7833,-92.1066,15.06,63,100,7.0,US,2022-01-28 20:55:19
531,Lehigh Acres,26.6254,-81.6248,73.44,74,100,5.99,US,2022-01-28 20:54:31
532,Mahon,39.8885,4.2658,46.96,87,0,6.91,ES,2022-01-28 20:58:26
533,Lotofaga,-13.9764,-171.8578,82.18,75,58,23.26,WS,2022-01-28 20:58:27
534,Kaura Namoda,12.5898,6.5779,69.8,20,3,11.27,NG,2022-01-28 20:58:27
535,Wonthaggi,-38.6044,145.5913,64.71,90,96,8.88,AU,2022-01-28 20:58:28
536,Nortelandia,-14.4547,-56.8028,78.22,90,100,3.2,BR,2022-01-28 20:58:29
537,Konevo,62.1215,39.3192,17.76,95,100,5.39,RU,2022-01-28 20:58:29
538,Klaksvik,62.2266,-6.589,43.72,82,88,24.4,FO,2022-01-28 20:58:30
539,Zagare,56.3592,23.25,32.76,76,69,15.99,LT,2022-01-28 20:58:30
540,Chopinzinho,-25.8558,-52.5233,62.58,98,100,6.96,BR,2022-01-28 20:57:52
541,Barreirinhas,-2.7469,-42.8264,73.98,90,100,9.28,BR,2022-01-28 20:58:31
542,Freeport,40.6576,-73.5832,35.33,79,100,1.01,US,2022-01-28 20:56:11
543,Kinsale,51.7075,-8.5306,52.23,100,75,12.66,IE,2022-01-28 20:58:32
544,Jalu,29.0331,21.5482,52.97,60,4,8.37,LY,2022-01-28 20:58:32
545,Mahanoro,-19.9,48.8,70.79,84,7,4.52,MG,2022-01-28 20:58:33
546,Dali,25.7,100.1833,36.88,89,2,4.32,CN,2022-01-28 20:58:33
547,Tanout,14.9709,8.8879,62.35,12,0,14.43,NE,2022-01-28 20:58:34
548,Coffs Harbour,-30.3,153.1333,71.13,96,100,4.61,AU,2022-01-28 20:58:34
549,Bollnas,61.3482,16.3946,26.38,66,100,8.81,SE,2022-01-28 20:58:35
550,Marawi,7.9986,124.2928,64.65,92,17,2.08,PH,2022-01-28 20:58:36
551,Hamilton,39.1834,-84.5333,27.05,88,100,3.0,US,2022-01-28 20:55:16
552,Culpeper,38.5004,-77.9664,39.61,94,100,3.0,US,2022-01-28 20:59:36
553,Lapua,62.9693,23.0088,16.66,93,36,3.49,FI,2022-01-28 20:59:37
554,Narayangarh,30.4833,77.1333,47.35,75,0,4.25,IN,2022-01-28 20:59:37
555,Shaoyang,27.2315,111.4525,32.81,99,100,2.55,CN,2022-01-28 20:59:38
556,Bati,11.1833,40.0167,64.13,50,23,2.73,ET,2022-01-28 20:59:39
557,Agadir,30.4202,-9.5982,68.45,41,0,27.45,MA,2022-01-28 20:59:39
558,Sulangan,11.1373,123.7228,80.47,79,81,5.26,PH,2022-01-28 20:59:40
559,Kiruna,67.8557,20.2251,7.72,85,9,6.91,SE,2022-01-28 20:57:50
560,Salinas,36.6777,-121.6555,72.99,28,97,3.18,US,2022-01-28 20:59:40
561,Umm Kaddadah,13.6017,26.6876,57.29,16,3,15.57,SD,2022-01-28 20:59:41
562,Bantou,26.2151,117.4893,50.07,90,100,3.62,CN,2022-01-28 20:59:41
563,Aranos,-24.1333,19.1167,83.34,35,24,6.69,NA,2022-01-28 20:59:42
564,Dawei,14.0833,98.2,69.55,76,24,3.67,MM,2022-01-28 20:59:43
565,Mehamn,71.0357,27.8492,31.91,63,20,2.3,NO,2022-01-28 20:59:43
566,Nowa Deba,50.4297,21.7508,36.82,56,89,14.43,PL,2022-01-28 20:59:44
567,Mareeba,-17.0,145.4333,71.44,96,100,1.66,AU,2022-01-28 20:59:44
568,Lukovo,41.3494,20.6047,35.19,96,100,5.23,MK,2022-01-28 20:59:45
569,Monrovia,6.3005,-10.7969,78.57,79,90,7.16,LR,2022-01-28 20:59:46
570,Sambir,49.5183,23.1975,34.0,83,100,3.0,UA,2022-01-28 20:59:46
571,Belaya Gora,68.5333,146.4167,-32.93,98,99,3.33,RU,2022-01-28 20:59:47
572,Koscierzyna,54.1223,17.9812,32.31,77,12,9.28,PL,2022-01-28 20:59:47
573,Amga,60.8953,131.9608,-28.21,100,100,2.24,RU,2022-01-28 20:59:48
574,Luang Prabang,19.8856,102.1347,61.36,83,74,0.76,LA,2022-01-28 20:59:48
575,Darnah,32.767,22.6367,54.59,70,4,13.42,LY,2022-01-28 20:59:49
576,Bereda,43.2686,-7.5406,46.92,98,29,3.15,ES,2022-01-28 20:59:49
577,Oda,35.1833,132.5,41.92,60,100,10.51,JP,2022-01-28 20:59:50
578,Havre-Saint-Pierre,50.2334,-63.5986,19.4,67,75,16.11,CA,2022-01-28 20:59:50
579,Mangrol,21.1167,70.1167,65.79,35,1,7.52,IN,2022-01-28 20:57:23
580,Roebourne,-20.7833,117.1333,78.46,72,49,9.71,AU,2022-01-28 20:59:51
581,Westport,41.1415,-73.3579,34.29,77,100,5.01,US,2022-01-28 20:59:52
582,Pula,44.8683,13.8481,49.06,70,0,8.05,HR,2022-01-28 20:59:53
583,Voh,-20.9667,164.7,81.77,72,94,6.78,NC,2022-01-28 20:59:53
584,Ahipara,-35.1667,173.1667,68.63,64,99,11.16,NZ,2022-01-28 20:59:54
